kind,value,sort_order
archive,УАД Алтайского края,10
archive,ГА Астраханской области,20
archive,ГА Республики Башкортостан,30
archive,ГА Республики Бурятия,40
archive,ГА Владимирской области,50
archive,ГА Волгоградской области,60
archive,Вологодский областной архив,70
archive,ГА Воронежской области,80
archive,ЦГА республики Дагестан,90
archive,ГА Ивановской области,100
archive,ГА Иркутской области,110
archive,ГА Калининградской области,120
archive,ГА Кемеровской области - Кузбасса,130
archive,ГА Кировской области,140
archive,НА Республики Коми,150
archive,ГА Костромской области,160
archive,ГА Краснодарского края,170
archive,ГА Красноярского края,180
archive,Ленинградский областной ГА в г. Выборге,190
archive,ЦГА города Москвы,200
archive,ЦГА Московской области,210
archive,ГА Мурманской области,220
archive,ЦА Нижегородской области,230
archive,ГА Новгородской области,240
archive,ГА Новосибирской области,250
archive,ГИА Омской области,260
archive,ГА Орловской области,270
archive,ГА Оренбургской области,280
archive,ГА Пензенской области,290
archive,Пермский ГА,300
archive,ГА Приморского края,310
archive,ГА Псковской области,320
archive,ГА Ростовской области,330
archive,ГА Рязанской области,340
archive,ГА Самарской области,350
archive,ЦГА Санкт-Петербурга,360
archive,ГА Саратовской области,370
archive,НА Республики Саха (Якутия),380
archive,ГА Свердловской области,390
archive,ГА Ставропольского края,400
archive,ГА Тамбовской области,410
archive,ГА Республики Татарстан,420
archive,ГА Тверской области,430
archive,ГА Тюменской области,440
archive,ГА Удмуртской Республики,450
archive,ГА Хабаровского края,460
archive,НА Республики Хакасия,470
archive,ГА Ханты-Мансийского АО - Югры,480
archive,ОГА Челябинской области,490
archive,ГА Чеченской Республики,500
archive,ГА Чувашской Республики,510
archive,ГА Ханты-Мансийского автономного округа - Югры,520
archive,ГА Ярославской области,530
church,Александровская,10
church,Александро-Невская,20
church,Алексеевская,30
church,Архангельская,40
church,Архидиаконская,50
church,Афанасиевская,60
church,Афанасие-Кирилловская,70
church,Благовещенская,80
church,Боголюбовская,90
church,Богоотцовская,100
church,Богородице-Рождественская,110
church,Богородицкая,120
church,Богословская,130
church,Богоявленская,140
church,Борисоглебская,150
church,Варваринская,160
church,Васильевская,170
church,Введенская,180
church,Владимирская,190
church,Власиевская,200
church,Вознесенская,210
church,Воскресенская,220
church,Всехсвятская,230
church,Входоиерусалимская,240
church,Георгиевская,250
church,Димитриевская,260
church,Дмитриевская,270
church,Екатерининская,280
church,Ефремиевская,290
church,Ефремовская,300
church,Златоустовская,310
church,Знаменская,320
church,Зосимо-Савватиевская,330
church,Ильинская,340
church,Казанская,350
church,Константиновская,360
church,Космодамианская,370
church,Космодемьянская,380
church,Крестовоздвиженская,390
church,Макариевская,400
church,Макарьевская,410
church,Михаило-Архангельская,420
church,Михайловская,430
church,Николаевская,440
church,Одигитриевская,450
church,Онуфриевская,460
church,Пантелеимоновская,470
church,Параскевиинская,480
church,Параскевинская,490
church,Петропавловская,500
church,Платоновская,510
church,Покровская,520
church,Предтеченская,530
church,Преображенская,540
church,Преполовенская,550
church,Происхожденская,560
church,Ризположенская,570
church,Рождественская,580
church,Рождество-Богородицкая,590
church,Семеновская,600
church,Серафимовская,610
church,Сергиевская,620
church,Симеоновская,630
church,Смоленская,640
church,Соборная,650
church,Софийская,660
church,Спасозапрудненская,670
church,Спасо-Запрудненская,680
church,Спасо-Преображенская,690
church,Спасская,700
church,Сретенская,710
church,Стефановская,720
church,Тихвинская,730
church,Тихоновская,740
church,Трехсвятительская,750
church,Троицкая,760
church,Успенская,770
church,Флоровская,780
church,Христорождественская,790
church,Цареконстантиновская,800
uyezd,Костромской,10
guberniya,Або-Бьёрнеборгская,10
guberniya,Августовская,20
guberniya,Азовская,30
guberniya,Архангелогородская,40
guberniya,Архангельская,50
guberniya,Астраханская,60
guberniya,Бакинская,70
guberniya,Бессарабская,80
guberniya,Белгородская,90
guberniya,Белорусская,100
guberniya,Вазаская,110
guberniya,Варшавская,120
guberniya,Виленская,130
guberniya,Витебская,140
guberniya,Владимирская,150
guberniya,Вознесенская,160
guberniya,Вологодская,170
guberniya,Волынская,180
guberniya,Воронежская,190
guberniya,Выборгская,200
guberniya,Вятская,210
guberniya,Гродненская,220
guberniya,Грузино-Имеретинская,230
guberniya,Грузинская,240
guberniya,Дербентская,250
guberniya,Екатеринославская,260
guberniya,Елизаветпольская,270
guberniya,Енисейская,280
guberniya,Изяславская,290
guberniya,Ингерманландская,300
guberniya,Иркутская,310
guberniya,Кавказская,320
guberniya,Казанская,330
guberniya,Калишская,340
guberniya,Калужская,350
guberniya,Келецкая,360
guberniya,Киевская,370
guberniya,Ковенская,380
guberniya,Костромская,390
guberniya,Краковская,400
guberniya,Куопиоская,410
guberniya,Курляндская,420
guberniya,Курская,430
guberniya,Кутаисская,440
guberniya,Кюмменегордская,450
guberniya,Литовская,460
guberniya,Лифляндская,470
guberniya,Ломжинская,480
guberniya,Львовская,490
guberniya,Люблинская,500
guberniya,Мазовецкая,510
guberniya,Малороссийская,520
guberniya,Минская,530
guberniya,Могилёвская,540
guberniya,Московская,550
guberniya,Нижегородская,560
guberniya,Николаевская,570
guberniya,Новгородская,580
guberniya,Новороссийская,590
guberniya,Нюландская,600
guberniya,Нюландско-Тавастгусская,610
guberniya,Область войска Донского,620
guberniya,Олонецкая,630
guberniya,Оренбургская,640
guberniya,Орловская,650
guberniya,Пензенская,660
guberniya,Перемышльская,670
guberniya,Пермская,680
guberniya,Петроградская,690
guberniya,Петроковская,700
guberniya,Плоцкая,710
guberniya,Подлясская,720
guberniya,Подольская,730
guberniya,Полтавская,740
guberniya,Псковская,750
guberniya,Радомская,760
guberniya,Ревельская,770
guberniya,Рижская,780
guberniya,Рязанская,790
guberniya,Саволакс-Карельская,800
guberniya,Самарская,810
guberniya,Сандомирская,820
guberniya,Санкт-Петербургская,830
guberniya,Саратовская,840
guberniya,Седлецкая,850
guberniya,Санкт-Михельская,860
guberniya,Сибирская,870
guberniya,Симбирская,880
guberniya,Слободско-Украинская,890
guberniya,Слонимская,900
guberniya,Смоленская,910
guberniya,Ставропольская,920
guberniya,Сувалкская,930
guberniya,Тавастгусская,940
guberniya,Таврическая,950
guberniya,Тамбовская,960
guberniya,Тарнопольская,970
guberniya,Тверская,980
guberniya,Тифлисская,990
guberniya,Тобольская,1000
guberniya,Томская,1010
guberniya,Тульская,1020
guberniya,Улеаборгская,1030
guberniya,Уфимская,1040
guberniya,Финляндская,1050
guberniya,Харьковская,1060
guberniya,Херсонская,1070
guberniya,Холмская,1080
guberniya,Черниговская,1090
guberniya,Черновицкая,1100
guberniya,Черноморская,1110
guberniya,Шемахинская,1120
guberniya,Эриванская,1130
guberniya,Эстляндская,1140
guberniya,Ярославская,1150
rank_m,крестьянин,10
rank_m,солдат,20
rank_m,крестьянский сын,30
rank_m,отставной солдат,40
rank_m,мещанин,50
rank_m,умерший крестьянин,60
rank_m,уволенный в запас армии,70
rank_m,рядовой,80
rank_m,состоящий в военной службе,90
rank_m,учитель,100
rank_m,потомственный почетный гражданин,110
rank_m,личный почетный гражданин,120
rank_m,почетный гражданин,130
rank_m,сын,140
rank_m,сын младенец,150
rank_m,сын отрок,160
rank_m,солдатский сын,170
rank_m,сын диакона,180
rank_m,сын почетного гражданина,190
rank_m,сын статского советника,200
rank_m,мещанский сын,210
rank_m,священник,220
rank_m,диакон,230
rank_m,псаломщик,240
rank_m,отец,250
rank_m,дядя,260
rank_m,дед,270
rank_m,крестьянин - беженец,280
rank_m,губернский секретарь,290
rank_m,статский советник,300
rank_m,дворянин,310
rank_m,запасной бомбардир наводчик,320
rank_m,отставной бомбардир,330
rank_m,умерший солдат,340
rank_m,запасной рядовой,350
rank_m,заштатный псаломщик,360
rank_m,дьячок,370
rank_m,купец,380
rank_m,отставной рядовой,390
rank_m,отставного рядового сын,400
rank_m,крестьянский сын того же дому,410
rank_m,крестьянин того же дому,420
rank_m,крестьянин вдовец,430
rank_m,сын титулярного советника,440
rank_m,дворянский сын,450
rank_m,запасной нижний чин,460
rank_m,крестьянский сын-младенец,470
rank_m,солдатский сын-младенец,480
rank_m,сын чиновника,490
rank_m,крестьянский сын-отрок,500
rank_m,дворянский сын-отрок,510
rank_f,законная жена его,10
rank_f,крестьянка,20
rank_f,крестьянская вдова,30
rank_f,крестьянская жена,40
rank_f,жена,50
rank_f,солдатская жена,60
rank_f,крестьянская девица,70
rank_f,крестьянская дочь,80
rank_f,дочь-девица,90
rank_f,дочь младенец,100
rank_f,солдатская девица,110
rank_f,девица,120
rank_f,дочь,130
rank_f,солдатская вдова,140
rank_f,солдатка,150
rank_f,жена мещанина,160
rank_f,жена почетного гражданина,170
rank_f,жена статского советника,180
rank_f,мать,190
rank_f,дочь отроковица,200
rank_f,дочь почетного гражданина,210
rank_f,умершего псаломщика дочь девица,220
rank_f,девица из дворян,230
rank_f,дворянская девица,240
rank_f,дворянка,250
rank_f,мещанка,260
rank_f,ратница,270
rank_f,крестьянская девка,280
rank_f,жена священника,290
rank_f,крестьянская дочь-девица,300
rank_f,запасного рядового жена,310
rank_f,отставного рядового дочь-девица,320
rank_f,отставного рядового жена,330
rank_f,крестьянская жена того же дому,340
rank_f,дворянская жена,350
rank_f,мещанская дочь,360
rank_f,крестьянская дочь-младенец,370
rank_f,солдатская дочь,380
rank_f,солдатская дочь-младенец,390
rank_f,дворянская дочь,400
rank_f,крестьянская дочь-отроковица,410
rank_clergy,священник,10
rank_clergy,диакон,20
rank_clergy,псаломщик,30
rank_clergy,дьячок,40
rank_clergy,пономарь,50
rank_clergy,причетник,60
rank_clergy,диакон-псаломщик,70
rank_clergy,псаломщик-диакон,80
rank_clergy,иерей,90
confession,православного,10
kinship,отец,10
kinship,мать,20
kinship,супруг,30
kinship,супруга,40
kinship,брат,50
kinship,сестра,60
surname_end_m,ев,10
surname_end_m,ий,20
surname_end_m,ин,30
surname_end_m,ов,40
surname_end_m,ой,50
surname_end_m,ын,60
surname_end_f,ева,10
surname_end_f,ая,20
surname_end_f,ина,30
surname_end_f,ова,40
surname_end_f,ына,50
marriage_order,Первым браком,10
marriage_order,Вторым браком,20
marriage_order,Третьим браком,30
death_cause,старость,10
death_cause,простуда,20
death_cause,понос,30
death_cause,чахотка,40
death_cause,кашель,50
death_cause,воспаление легких,60
death_cause,слабость рождения,70
death_cause,паралич,80
death_cause,дизентерия,90
death_cause,горячка,100
death_cause,боль живота,110
death_cause,краснуха,120
death_cause,заражение крови,130
death_cause,скарлатина,140
death_cause,брюшной тиф,150
death_cause,неизвестно,160
death_cause,роды,170
death_cause,колотье,180
death_cause,утонул в пруду,190
death_cause,спиртные напитки,200
death_cause,воспаление мозга,210
death_cause,естественно,220
death_cause,грыжа,230
death_cause,оспа,240
death_cause,удушье,250
death_cause,катар желудка,260
death_cause,воспаление в кишках,270
death_cause,корь,280
death_cause,цвет в гортани,290
death_cause,водянка,300
death_cause,головная,310
death_cause,внутренняя,320
death_cause,престарелость,330
death_cause,пухота,340
death_cause,утонул,350
death_cause,разрыв сердца,360
death_cause,апоплексический удар,370
death_cause,рак,380
death_cause,ущемление грыжи,390
death_cause,запарилась,400
np_type,д.,10
np_type,с.,20
np_type,г.,30
np_type,погост,40
np_type,посад,50
np_type,б.г.,60
np_type,з.г.,70
np_type,завод,80
np_type,починок,90
np_type,приселок,100
np_type,с-цо,110
np_type,слобода,120
