name,np_type,guberniya,uyezd,volost,short_location,full_location,familio_url
"д.Балахонка, Заобнорская волость",д.,Ярославская,Любимский,Заобнорская,д. Балахонка,"д. Балахонка, Заобнорская волость, Любимский уезд, Ярославская губерния",https://familio.org/settlements/5978e368-5258-438a-87fc-0ddbece90885
"д.Белоглазово, Заобнорская волость",д.,Ярославская,Любимский,Заобнорская,д. Белоглазово,"д. Белоглазово, Заобнорская волость, Любимский уезд, Ярославская губерния",https://familio.org/settlements/f2637404-c7db-4d10-8d89-d05b5541cf36
Борисоглебское,с.,Костромская,Макарьевский,Завражная,с. Борисоглебское,"с. Борисоглебское, Завражная волость, Макарьевский уезд, Костромская губерния",https://familio.org/settlements/66d127b2-afd3-4982-a106-7354bc0bdf8e
Чертеж Малый,д.,Костромская,Макарьевский,Завражная,д. Чертеж Малый,"д. Чертеж Малый, Завражная волость, Макарьевский уезд, Костромская губерния",https://familio.org/settlements/738c6a34-3450-484e-9c2d-139a75825580
Чертеж Большой,д.,Костромская,Макарьевский,Завражная,д. Чертеж Большой,"д. Чертеж Большой, Завражная волость, Макарьевский уезд, Костромская губерния",https://familio.org/settlements/b37821d8-7ac0-4c96-bbd0-67bc024d8cd3
Кнышево,д.,Костромская,Макарьевский,Завражная,д. Кнышево,"д. Кнышево, Завражная волость, Макарьевский уезд, Костромская губерния",https://familio.org/settlements/4a669185-0095-494a-8373-71cd6470c0d6
Поселихино,д.,Костромская,Макарьевский,Завражная,д. Поселихино,"д. Поселихино, Завражная волость, Макарьевский уезд, Костромская губерния",https://familio.org/settlements/3b6a1f25-43fa-4c55-8b4e-1759a89cda29
Логинцево,д.,Костромская,Макарьевский,Завражная,д. Логинцево,"д. Логинцево, Завражная волость, Макарьевский уезд, Костромская губерния",https://familio.org/settlements/2cbc400e-d578-4210-8dae-b5db303d33e9
Воспица,д.,Костромская,Макарьевский,Завражная,д. Воспица,"д. Воспица, Завражная волость, Макарьевский уезд, Костромская губерния",https://familio.org/settlements/db0f839f-f909-40ea-af5c-58dee130116a
Фетинино,д.,Костромская,Макарьевский,Завражная,д. Фетинино,"д. Фетинино, Завражная волость, Макарьевский уезд, Костромская губерния",https://familio.org/settlements/644007a0-af8a-48fb-bb95-72615388d8fa
Архипиха,д.,Костромская,Макарьевский,Завражная,д. Архипиха,"д. Архипиха, Завражная волость, Макарьевский уезд, Костромская губерния",https://familio.org/settlements/dd21c856-8037-4e38-8c27-a9ff9b3ef9cd
Смотрина,д.,Костромская,Макарьевский,Завражная,д. Смотрина,"д. Смотрина, Завражная волость, Макарьевский уезд, Костромская губерния",https://familio.org/settlements/b70fc9c0-e00a-4b64-b840-1e3927d9b212
Богоявленье,с.,Костромская,Солигаличский,Нероновская,с. Богоявленье,"с. Богоявленье, Нероновская волость, Солигаличский уезд, Костромская губерния",https://familio.org/settlements/5aa6de03-08e8-45c2-8b13-dcbdacf18064
Костиха,д.,Костромская,Макарьевский,Завражная,д. Костиха,"д. Костиха, Завражная волость, Макарьевский уезд, Костромская губерния",https://familio.org/settlements/2076afb9-01ad-471e-bdd9-ecebe4be7e83
Кулюкино,д.,Костромская,Макарьевский,Завражная,д. Кулюкино,"д. Кулюкино, Завражная волость, Макарьевский уезд, Костромская губерния",https://familio.org/settlements/52a6789b-67b8-4e76-9630-e79aaafb94c1
Малово,д.,Костромская,Макарьевский,Завражная,д. Малово,"д. Малово, Завражная волость, Макарьевский уезд, Костромская губерния",https://familio.org/settlements/8e951854-6195-4122-b32e-474507a1c165
Костино,д.,Костромская,Макарьевский,Завражная,д. Костино,"д. Костино, Завражная волость, Макарьевский уезд, Костромская губерния",https://familio.org/settlements/ce45aa3a-dfff-4213-a01a-9fdbff3604ca
Ушаково,д.,Костромская,Макарьевский,Завражная,д. Ушаково,"д. Ушаково, Завражная волость, Макарьевский уезд, Костромская губерния",https://familio.org/settlements/6bb5756f-6bbf-44db-bde0-893cb0b1fe48
Голодаево,д.,Костромская,Макарьевский,Завражная,д. Голодаево,"д. Голодаево, Завражная волость, Макарьевский уезд, Костромская губерния",https://familio.org/settlements/dec1fbd3-861e-44ae-9aa9-563da375c1ef
Васильково,д.,Костромская,Макарьевский,Завражная,д. Васильково,"д. Васильково, Завражная волость, Макарьевский уезд, Костромская губерния",https://familio.org/settlements/b3f9d33f-5860-4c85-824a-2d26888a8851
Коряковка,д.,Костромская,Макарьевский,Завражная,д. Коряковка,"д. Коряковка, Завражная волость, Макарьевский уезд, Костромская губерния",https://familio.org/settlements/f6dca1ce-ac56-4519-968a-061eeb10ed5e
Митино,д.,Костромская,Макарьевский,Завражная,д. Митино,"д. Митино, Завражная волость, Макарьевский уезд, Костромская губерния",https://familio.org/settlements/9549fc00-2620-410b-bd57-23935b777a17
Куриловская,д.,Костромская,Макарьевский,Завражная,д. Куриловская,"д. Куриловская, Завражная волость, Макарьевский уезд, Костромская губерния",https://familio.org/settlements/caa80869-149e-467c-99c7-71154709360e
Шилекша,с.,Костромская,Кинешемский,Шевалдовская,с. Шилекша,"с. Шилекша, Шевалдовская волость, Кинешемский уезд, Костромская губерния",https://familio.org/settlements/7d0b18d6-6b8d-4458-8620-c5d70723b906
Нагорное,с.,Костромская,Кинешемский,Шевалдовская,с. Нагорное,"с. Нагорное, Шевалдовская волость, Кинешемский уезд, Костромская губерния",https://familio.org/settlements/9e00b94b-df03-4360-8f31-2fded63fd8be
Нехайка,д.,Костромская,Макарьевский,Завражная,д. Нехайка,"д. Нехайка, Завражная волость, Макарьевский уезд, Костромская губерния",https://familio.org/settlements/fb8e7b99-acbb-43d4-8fc2-a3d35ef6c1c9
Хмельничное,д.,Костромская,Макарьевский,Завражная,д. Хмельничное,"д. Хмельничное, Завражная волость, Макарьевский уезд, Костромская губерния",https://familio.org/settlements/3e001f0e-da24-4cf3-97a4-fa972df0f03c
Деготница,д.,Костромская,Кинешемский,Ильинская,д. Деготница,"д. Деготница, Ильинская волость, Кинешемский уезд, Костромская губерния",https://familio.org/settlements/0e3d7719-506b-47ac-89d4-401225d96b43
Большое Волково,д.,Костромская,Макарьевский,Завражная,д. Большое Волково,"д. Большое Волково, Завражная волость, Макарьевский уезд, Костромская губерния",https://familio.org/settlements/cd898f33-ac51-4eb0-a0d5-679609bb5282
Нередищи,д.,Костромская,Макарьевский,Завражная,д. Нередищи,"д. Нередищи, Завражная волость, Макарьевский уезд, Костромская губерния",https://familio.org/settlements/d1c8ddf0-b9de-4919-801f-881386a557f8
Загнетино (Поздеевка),д.,Костромская,Юрьевецкий,Мордвиновская,д. Загнетино (Поздеевка),"д. Загнетино (Поздеевка), Мордвиновская волость, Юрьевецкий уезд, Костромская губерния",https://familio.org/settlements/39d6bf25-9128-4e33-8ac2-5be9e1127bdf
Горицы,д.,Костромская,Макарьевский,Завражная,д. Горицы,"д. Горицы, Завражная волость, Макарьевский уезд, Костромская губерния",https://familio.org/settlements/46431a17-c465-408d-b469-d2acf5cb3c54
Старово,д.,Костромская,Макарьевский,Завражная,д. Старово,"д. Старово, Завражная волость, Макарьевский уезд, Костромская губерния",https://familio.org/settlements/c80ad60e-0c47-4952-b51a-f8bcdef8e7ce
Унжанка,д.,Костромская,Юрьевецкий,Мордвиновская,д. Унжанка,"д. Унжанка, Мордвиновская волость, Юрьевецкий уезд, Костромская губерния",https://familio.org/settlements/d3aa12f4-904a-498d-9602-d11944799a89
Быково,д.,Костромская,Макарьевский,Завражная,д. Быково,"д. Быково, Завражная волость, Макарьевский уезд, Костромская губерния",https://familio.org/settlements/ede0923b-c830-4a0a-bc52-165ddd757975
Ярцево,д.,Костромская,Юрьевецкий,Мордвиновская,д. Ярцево,"д. Ярцево, Мордвиновская волость, Юрьевецкий уезд, Костромская губерния",https://familio.org/settlements/e3993456-5b67-430d-9ca2-60ea021fc876
Макаровская,д.,Костромская,Макарьевский,Завражная,д. Макаровская,"д. Макаровская, Завражная волость, Макарьевский уезд, Костромская губерния",https://familio.org/settlements/b533a2aa-80d7-4b6a-a2b7-e0a795254801
Столпино,с.,Костромская,Макарьевский,Завражная,с. Столпино,"с. Столпино, Завражная волость, Макарьевский уезд, Костромская губерния",https://familio.org/settlements/42cc7566-47ea-4d8b-b545-3f17bdbaa989
Карпиха,д.,Костромская,Юрьевецкий,Мордвиновская,д. Карпиха,"д. Карпиха, Мордвиновская волость, Юрьевецкий уезд, Костромская губерния",https://familio.org/settlements/34aaee05-af14-4957-815a-206e5fd34dd3
Петровка,д.,Костромская,Макарьевский,Завражная,д. Петровка,"д. Петровка, Завражная волость, Макарьевский уезд, Костромская губерния",https://familio.org/settlements/85f1e7a1-79b6-4ae6-babd-af6483d40388
Кондома,с.,Костромская,Макарьевский,Завражная,с. Кондома,"с. Кондома, Завражная волость, Макарьевский уезд, Костромская губерния",https://familio.org/settlements/5cdf45e4-f458-4bd7-8f46-caacacde235c
Деревнищи,д.,Костромская,Макарьевский,Завражная,д. Деревнищи,"д. Деревнищи, Завражная волость, Макарьевский уезд, Костромская губерния",https://familio.org/settlements/538a05df-cd30-4720-aa16-4499043c19fd
Завражье,с.,Костромская,Макарьевский,Завражная,с. Завражье,"с. Завражье, Завражная волость, Макарьевский уезд, Костромская губерния",https://familio.org/settlements/28cf21b3-43f6-4e30-9f0d-f63da3b7115e
Бухарино,д.,Костромская,Макарьевский,Завражная,д. Бухарино,"д. Бухарино, Завражная волость, Макарьевский уезд, Костромская губерния",https://familio.org/settlements/807b3517-7367-48bc-b328-4d567932fee1
Богомолово,д.,Костромская,Юрьевецкий,Мордвиновская,д. Богомолово,"д. Богомолово, Мордвиновская волость, Юрьевецкий уезд, Костромская губерния",https://familio.org/settlements/43d655f2-033d-4967-96e9-d83381933220
Сельцо,д.,Костромская,Юрьевецкий,Мордвиновская,д. Сельцо,"д. Сельцо, Мордвиновская волость, Юрьевецкий уезд, Костромская губерния",https://familio.org/settlements/99915665-44be-4094-a84b-7de308908157
Мальгино,д.,Костромская,Юрьевецкий,Мордвиновская,д. Мальгино,"д. Мальгино, Мордвиновская волость, Юрьевецкий уезд, Костромская губерния",https://familio.org/settlements/77d2983c-fbe9-470b-b5ab-c23edde42462
Глиница,д.,Костромская,Макарьевский,Завражная,д. Глиница,"д. Глиница, Завражная волость, Макарьевский уезд, Костромская губерния",https://familio.org/settlements/9877cd5b-8f2a-41a5-a74e-a9eba207181e
Комарово,д.,Костромская,Макарьевский,Завражная,д. Комарово,"д. Комарово, Завражная волость, Макарьевский уезд, Костромская губерния",https://familio.org/settlements/62e18a0c-949d-46a8-8df5-b4f2697a1295
Заварино,д.,Костромская,Макарьевский,Завражная,д. Заварино,"д. Заварино, Завражная волость, Макарьевский уезд, Костромская губерния",https://familio.org/settlements/a74fee19-4c05-4a04-9dbc-20f964112f51
Лихадомово,д.,Костромская,Макарьевский,Завражная,д. Лихадомово,"д. Лихадомово, Завражная волость, Макарьевский уезд, Костромская губерния",https://familio.org/settlements/ae522333-af53-49ce-893f-e106594ddc4a
Луховцево,д.,Костромская,Макарьевский,Завражная,д. Луховцево,"д. Луховцево, Завражная волость, Макарьевский уезд, Костромская губерния",https://familio.org/settlements/94fdb743-37eb-4cec-81dd-9e9cb0b9c848
Кузьминская,д.,Костромская,Макарьевский,Завражная,д. Кузьминская,"д. Кузьминская, Завражная волость, Макарьевский уезд, Костромская губерния",https://familio.org/settlements/04e60857-8778-43d6-bcb1-6e452446d33e
Федурино,д.,Костромская,Макарьевский,Завражная,д. Федурино,"д. Федурино, Завражная волость, Макарьевский уезд, Костромская губерния",https://familio.org/settlements/67bb4437-c663-44af-bac5-d0789754d829
починок Смыгарев,д.,Костромская,Макарьевский,Завражная,д. починок Смыгарев,"д. починок Смыгарев, Завражная волость, Макарьевский уезд, Костромская губерния",https://familio.org/settlements/e63eab53-29de-473b-8493-7098a35285a9
Мытищи,д.,Костромская,Макарьевский,Завражная,д. Мытищи,"д. Мытищи, Завражная волость, Макарьевский уезд, Костромская губерния",https://familio.org/settlements/82685849-60d1-4c54-8ea4-6e082e6793c2
Ершиха,д.,Костромская,Макарьевский,Завражная,д. Ершиха,"д. Ершиха, Завражная волость, Макарьевский уезд, Костромская губерния",https://familio.org/settlements/58ec831b-51dd-4e70-97b5-134241b679fd
Ермолиха,д.,Костромская,Макарьевский,Завражная,д. Ермолиха,"д. Ермолиха, Завражная волость, Макарьевский уезд, Костромская губерния",https://familio.org/settlements/fc181431-fdaa-4c76-95a4-8ca2d7f30c36
Сорочково,д.,Костромская,Макарьевский,Завражная,д. Сорочково,"д. Сорочково, Завражная волость, Макарьевский уезд, Костромская губерния",https://familio.org/settlements/22e5b83e-cb87-4185-864c-5dd0fe9ca6ad
Дворищи,д.,Костромская,Юрьевецкий,Махловская,д. Дворищи,"д. Дворищи, Махловская волость, Юрьевецкий уезд, Костромская губерния",https://familio.org/settlements/c1e018a6-f3fc-484f-82e5-9cf7a2ebb896
Демидовка,д.,Костромская,Юрьевецкий,Мордвиновская,д. Демидовка,"д. Демидовка, Мордвиновская волость, Юрьевецкий уезд, Костромская губерния",https://familio.org/settlements/00299642-58c9-45c9-8d8e-19129bad0ce5
Ульяновка,д.,Костромская,Макарьевский,Завражная,д. Ульяновка,"д. Ульяновка, Завражная волость, Макарьевский уезд, Костромская губерния",https://familio.org/settlements/29b0f692-ffff-4034-9f07-083d39704cf8
Зименки,д.,Костромская,Макарьевский,Завражная,д. Зименки,"д. Зименки, Завражная волость, Макарьевский уезд, Костромская губерния",https://familio.org/settlements/bd6b3d14-609b-4efb-b8cd-08109fd26c4e
Лодзь,г.,Петровская,Лодзинский,,г. Лодзь,"г. Лодзь, Лодзинский уезд, Петровская губерния",https://familio.org/settlements/ddee05c0-3cc7-4989-be65-c5565268fc20
Еронино,д.,Костромская,Юрьевецкий,Порздневская,д. Еронино,"д. Еронино, Порздневская волость, Юрьевецкий уезд, Костромская губерния",https://familio.org/settlements/8490973c-a96c-4f1e-a4fb-707319ba6e78
Булдачиха,д.,Костромская,Макарьевский,Завражная,д. Булдачиха,"д. Булдачиха, Завражная волость, Макарьевский уезд, Костромская губерния",https://familio.org/settlements/1556e7c0-ba56-4e19-b090-6565e17f1437
Юрьевец,г.,Костромская,,,г. Юрьевец,"г. Юрьевец, Костромская губерния",https://familio.org/settlements/267eef60-6d69-4a5d-ae4c-12de704b23ca
Хороброво,с.,Костромская,Макарьевский,Чернышевская,с. Хороброво,"с. Хороброво, Чернышевская волость, Макарьевский уезд, Костромская губерния",https://familio.org/settlements/bd0e373e-9a2d-44b4-9d5f-4dec1dd34b8d
Токарево,д.,Костромская,Макарьевский,Завражная,д. Токарево,"д. Токарево, Завражная волость, Макарьевский уезд, Костромская губерния",https://familio.org/settlements/9643c18b-78b3-4989-969a-f1ecbcf9d414
Слобода,д.,Костромская,Макарьевский,Завражная,д. Слобода,"д. Слобода, Завражная волость, Макарьевский уезд, Костромская губерния",https://familio.org/settlements/88d4faff-b6fc-492e-b476-d39077ecb257
Черново,д.,Костромская,Макарьевский,Завражная,д. Черново,"д. Черново, Завражная волость, Макарьевский уезд, Костромская губерния",https://familio.org/settlements/e24abd74-c8f3-4b6c-b7cb-b6f67bb3c989
Коробейниково,д.,Костромская,Макарьевский,Завражная,д. Коробейниково,"д. Коробейниково, Завражная волость, Макарьевский уезд, Костромская губерния",https://familio.org/settlements/6b918ae6-51d8-46f8-a393-364e40d87345
Прозорово,д.,Костромская,Макарьевский,Завражная,д. Прозорово,"д. Прозорово, Завражная волость, Макарьевский уезд, Костромская губерния",https://familio.org/settlements/22a45c6c-0e45-4838-9ada-8a364ef9a112
Потемкино,д.,Костромская,Юрьевецкий,Мордвиновская,д. Потемкино,"д. Потемкино, Мордвиновская волость, Юрьевецкий уезд, Костромская губерния",https://familio.org/settlements/c043a1db-08d3-4cb5-942e-89c9aed84fa5
Кальтино,д.,Костромская,Макарьевский,Завражная,д. Кальтино,"д. Кальтино, Завражная волость, Макарьевский уезд, Костромская губерния",https://familio.org/settlements/99bd24f2-a000-4b24-a430-b9e1d0dc7b44
Клоково,д.,Костромская,Макарьевский,Завражная,д. Клоково,"д. Клоково, Завражная волость, Макарьевский уезд, Костромская губерния",https://familio.org/settlements/ba17ee6c-9ee9-4d4e-b9af-eb239a2a5b7b
Крупышево,д.,Костромская,Макарьевский,Завражная,д. Крупышево,"д. Крупышево, Завражная волость, Макарьевский уезд, Костромская губерния",https://familio.org/settlements/6ea81035-ba2e-4f86-97f1-480af8ae6620
Половинкино,д.,Костромская,Макарьевский,Завражная,д. Половинкино,"д. Половинкино, Завражная волость, Макарьевский уезд, Костромская губерния",https://familio.org/settlements/b98a8c28-da81-4dbb-ae5a-d687e156d0eb
Ковригино,д.,Костромская,Макарьевский,Завражная,д. Ковригино,"д. Ковригино, Завражная волость, Макарьевский уезд, Костромская губерния",https://familio.org/settlements/3ef283ac-8a78-4dfe-b6fa-6859aed34a03
Лух,г.,Костромская,Юрьевецкий,,г. Лух,"г. Лух, Юрьевецкий уезд, Костромская губерния",https://familio.org/settlements/12cf147e-83f4-4c9e-a0d7-0e6adfc91473
Бердиха,д.,Костромская,Юрьевецкий,Мордвиновская,д. Бердиха,"д. Бердиха, Мордвиновская волость, Юрьевецкий уезд, Костромская губерния",https://familio.org/settlements/5524a8b8-3ba3-44e4-bb11-a598c2294bf1
Бенькино,д.,Костромская,Юрьевецкий,Мордвиновская,д. Бенькино,"д. Бенькино, Мордвиновская волость, Юрьевецкий уезд, Костромская губерния",https://familio.org/settlements/043038e2-f979-450f-9a98-ed9732dae9db
Черемисково,д.,Костромская,Макарьевский,Завражная,д. Черемисково,"д. Черемисково, Завражная волость, Макарьевский уезд, Костромская губерния",https://familio.org/settlements/2216f61d-66bf-417c-bddd-f3d3f95e226e
Ивановское,с.,Костромская,Макарьевский,Чернышевская,с. Ивановское,"с. Ивановское, Чернышевская волость, Макарьевский уезд, Костромская губерния",https://familio.org/settlements/ae158075-4eed-4daf-8306-7f8c829c5723
Котово,д.,Костромская,Макарьевский,Завражная,д. Котово,"д. Котово, Завражная волость, Макарьевский уезд, Костромская губерния",https://familio.org/settlements/ce93a0b8-fdb0-484d-9762-9ab2ee570ac2
Ковалево,д.,Костромская,Макарьевский,Завражная,д. Ковалево,"д. Ковалево, Завражная волость, Макарьевский уезд, Костромская губерния",https://familio.org/settlements/cfe9b185-51a9-478c-9f1f-d7a1149cf984
Ступниково,д.,Костромская,Макарьевский,Завражная,д. Ступниково,"д. Ступниково, Завражная волость, Макарьевский уезд, Костромская губерния",https://familio.org/settlements/ba938abd-6cb9-486d-a404-afeffaacc230
Романиха,д.,Костромская,Макарьевский,Завражная,д. Романиха,"д. Романиха, Завражная волость, Макарьевский уезд, Костромская губерния",https://familio.org/settlements/3a740fe3-5995-473f-8b6f-a816a82352ee
Калиновская,д.,Костромская,Макарьевский,Завражная,д. Калиновская,"д. Калиновская, Завражная волость, Макарьевский уезд, Костромская губерния",https://familio.org/settlements/8918dd50-5d53-41f0-b967-9520bf437ad1
Слуда,д.,Костромская,Макарьевский,Завражная,д. Слуда,"д. Слуда, Завражная волость, Макарьевский уезд, Костромская губерния",https://familio.org/settlements/316dab19-5413-4957-9802-17e559d017bf
Жары,с.,Костромская,Макарьевский,Завражная,с. Жары,"с. Жары, Завражная волость, Макарьевский уезд, Костромская губерния",https://familio.org/settlements/01a788b3-bac1-4e8c-97c5-ac9ec054f8a2
Макарьев,г.,Костромская,Макарьевский,,г. Макарьев,"г. Макарьев, Макарьевский уезд, Костромская губерния",https://familio.org/settlements/2944cf73-7f96-43b9-b374-e92f9b494059
Гобино,д.,Костромская,Макарьевский,Чернышевская,д. Гобино,"д. Гобино, Чернышевская волость, Макарьевский уезд, Костромская губерния",https://familio.org/settlements/43b0265b-aa62-4145-a75f-cbfaa3f9dea8
Котело,с.,Костромская,Галический,Котельская,с. Котело,"с. Котело, Котельская волость, Галический уезд, Костромская губерния",https://familio.org/settlements/b6fa5080-d2c3-4404-9312-b64bee5a4d04
Федорово,с.,Костромская,Костромской,Белоречанская,с. Федорово,"с. Федорово, Белоречанская волость, Костромской уезд, Костромская губерния",https://familio.org/settlements/58fcff4f-f7af-49d1-8437-7ad749366ab1
Торино,с.,Костромская,Кологривский,Погощенская,с. Торино,"с. Торино, Погощенская волость, Кологривский уезд, Костромская губерния",https://familio.org/settlements/39710b90-1fa6-43ce-93e5-d675d99fce24
Кострома,г.,Костромская,Костромской,,г. Кострома,"г. Кострома, Костромской уезд, Костромская губерния",https://familio.org/settlements/6c3600e4-852c-4c78-a015-0331368cf99a
Кинешма,г.,Костромская,,,г. Кинешма,"г. Кинешма, Костромская губерния",https://familio.org/settlements/74439ccd-9fe8-4cab-ae32-7678e975498a
Аксениха,д.,Костромская,Юрьевецкий,Мордвиновская,д. Аксениха,"д. Аксениха, Мордвиновская волость, Юрьевецкий уезд, Костромская губерния",https://familio.org/settlements/e38f4745-2182-4b13-824b-d69051b623e9
Ожгинец,д.,Костромская,Макарьевский,Завражная,д. Ожгинец,"д. Ожгинец, Завражная волость, Макарьевский уезд, Костромская губерния",https://familio.org/settlements/b1504349-a75f-4905-a22a-c49ff70bd9b5
Архангельское,с.,Костромская,Юрьевецкий,Архангельская,с. Архангельское,"с. Архангельское, Архангельская волость, Юрьевецкий уезд, Костромская губерния",https://familio.org/settlements/8843b337-b3fb-47b7-973c-1478ac8fe580
Соболево,с.,Костромская,Юрьевецкий,Соболевская,с. Соболево,"с. Соболево, Соболевская волость, Юрьевецкий уезд, Костромская губерния",https://familio.org/settlements/2e9c590b-fd9f-4e80-b36e-5b42f004ad97
Зименки малые,д.,Костромская,Макарьевский,Завражная,д. Зименки малые,"д. Зименки малые, Завражная волость, Макарьевский уезд, Костромская губерния",https://familio.org/settlements/653a39c6-6d4d-43fb-8bc0-a5327b91da57
Лобаны,д.,Костромская,Юрьевецкий,Мордвиновская,д. Лобаны,"д. Лобаны, Мордвиновская волость, Юрьевецкий уезд, Костромская губерния",https://familio.org/settlements/4bbbf687-4a15-4c4c-9a83-0fa7e5238b85
Окуловская,д.,Костромская,Макарьевский,Завражная,д. Окуловская,"д. Окуловская, Завражная волость, Макарьевский уезд, Костромская губерния",https://familio.org/settlements/37a9e02e-c249-45ab-8c3f-e80e4668f708
Михальцы,д.,Костромская,Макарьевский,Завражная,д. Михальцы,"д. Михальцы, Завражная волость, Макарьевский уезд, Костромская губерния",https://familio.org/settlements/f4eaad8c-8759-4893-befd-004ec9cd8a4a
Чигари,д.,Костромская,Макарьевский,Завражная,д. Чигари,"д. Чигари, Завражная волость, Макарьевский уезд, Костромская губерния",https://familio.org/settlements/cbc1e328-abb5-438b-8f18-554edab20890
Василево,д.,Костромская,Макарьевский,Завражная,д. Василево,"д. Василево, Завражная волость, Макарьевский уезд, Костромская губерния",https://familio.org/settlements/c0692c20-ac77-4787-80b0-161297c438bb
Переволока,д.,Костромская,Макарьевский,Завражная,д. Переволока,"д. Переволока, Завражная волость, Макарьевский уезд, Костромская губерния",https://familio.org/settlements/aaa09cc4-5718-4d38-a1ed-53c634ee8151
Немда,с.,Костромская,Макарьевский,Завражная,с. Немда,"с. Немда, Завражная волость, Макарьевский уезд, Костромская губерния",https://familio.org/settlements/fa70ea2f-adc5-4608-9266-d7667703b9c3
Добрянки,д.,Костромская,Макарьевский,Чернышевская,д. Добрянки,"д. Добрянки, Чернышевская волость, Макарьевский уезд, Костромская губерния",https://familio.org/settlements/6eb802e7-8293-4fa6-8886-552adfb7745e
Меленки,д.,Костромская,Макарьевский,Чернышевская,д. Меленки,"д. Меленки, Чернышевская волость, Макарьевский уезд, Костромская губерния",https://familio.org/settlements/848fef8f-7834-4624-983e-98618ed97ed4
Сивково,д.,Костромская,Макарьевский,Завражная,д. Сивково,"д. Сивково, Завражная волость, Макарьевский уезд, Костромская губерния",https://familio.org/settlements/17e5b6fd-dfc4-4372-a9ad-3eaa60fa1e55
Голчино,д.,Костромская,Макарьевский,Завражная,д. Голчино,"д. Голчино, Завражная волость, Макарьевский уезд, Костромская губерния",https://familio.org/settlements/d8c2633b-7d25-4dfb-9c03-904045ccb98e
Лубяны,д.,Костромская,Макарьевский,Завражная,д. Лубяны,"д. Лубяны, Завражная волость, Макарьевский уезд, Костромская губерния",https://familio.org/settlements/cef32750-9d5c-470a-a8d9-d35095550d83
Черепаново,д.,Костромская,Макарьевский,Каргинская,д. Черепаново,"д. Черепаново, Каргинская волость, Макарьевский уезд, Костромская губерния",https://familio.org/settlements/4ec4aafc-2d3b-4e2d-9eac-8a350e4b7643
Коловодь Малая,д.,Костромская,Макарьевский,Ковернинская,д. Коловодь Малая,"д. Коловодь Малая, Ковернинская волость, Макарьевский уезд, Костромская губерния",https://familio.org/settlements/25114b39-62db-42cd-90a6-7ca138b3483c
Лужиново,д.,Костромская,Макарьевский,Завражная,д. Лужиново,"д. Лужиново, Завражная волость, Макарьевский уезд, Костромская губерния",https://familio.org/settlements/3c5943cf-ab26-41dd-8c21-45f8ff7b3576
Ростоново,д.,Костромская,Макарьевский,Мордвиновская,д. Ростоново,"д. Ростоново, Мордвиновская волость, Макарьевский уезд, Костромская губерния",https://familio.org/settlements/5a90e7cc-3c98-43b2-9409-37170f124525
Романов-Борисоглебск,г.,Ярославская,,,г. Романов-Борисоглебск,"г. Романов-Борисоглебск, Ярославская губерния",https://familio.org/settlements/fe158595-7e11-4750-a157-0683e5c83567
Пучеж,г.,Костромская,Юрьевецкий,,г. Пучеж,"г. Пучеж, Юрьевецкий уезд, Костромская губерния",https://familio.org/settlements/0e115275-3241-4692-92c5-2f1f2393dc73
Пищи,с.,Костромская,Кологривский,Спасская,с. Пищи,"с. Пищи, Спасская волость, Кологривский уезд, Костромская губерния",https://familio.org/settlements/0bab4abe-ef1f-4364-a961-aca838ccc890
Савино Завражье,д.,Костромская,Макарьевский,Завражная,д. Савино Завражье,"д. Савино Завражье, Завражная волость, Макарьевский уезд, Костромская губерния",https://familio.org/settlements/c193dc5f-a158-4034-a0e1-405b77f21289
Фролово,д.,Костромская,Макарьевский,Завражная,д. Фролово,"д. Фролово, Завражная волость, Макарьевский уезд, Костромская губерния",https://familio.org/settlements/a8af4419-48f3-494b-928a-8d46d416c4a2
Козлово,д.,Костромская,Макарьевский,Завражная,д. Козлово,"д. Козлово, Завражная волость, Макарьевский уезд, Костромская губерния",https://familio.org/settlements/ee314296-cf2a-4138-86c5-960019c9056d
Оксениха,д.,Костромская,Макарьевский,Валовская,д. Оксениха,"д. Оксениха, Валовская волость, Макарьевский уезд, Костромская губерния",https://familio.org/settlements/e180f3f1-3e8e-4563-b276-1ca6d59683c4
Однолетково,д.,Костромская,Макарьевский,Завражная,д. Однолетково,"д. Однолетково, Завражная волость, Макарьевский уезд, Костромская губерния",https://familio.org/settlements/4e20bac8-0636-4529-b1f4-0c749820836c
Курбатиха,д.,Костромская,Макарьевский,Завражная,д. Курбатиха,"д. Курбатиха, Завражная волость, Макарьевский уезд, Костромская губерния",https://familio.org/settlements/55287a1d-8a1c-4465-8ffe-f325e230a0a3
Бородинская,д.,Костромская,Макарьевский,Завражная,д. Бородинская,"д. Бородинская, Завражная волость, Макарьевский уезд, Костромская губерния",https://familio.org/settlements/61e49db1-0b56-45bf-867e-1e83073f3263
Якушиха,д.,Костромская,Юрьевецкий,Мордвиновская,д. Якушиха,"д. Якушиха, Мордвиновская волость, Юрьевецкий уезд, Костромская губерния",https://familio.org/settlements/823defaf-704b-49fa-9202-7fed0674c1f3
Софрониха,д.,Костромская,Юрьевецкий,Мордвиновская,д. Софрониха,"д. Софрониха, Мордвиновская волость, Юрьевецкий уезд, Костромская губерния",https://familio.org/settlements/adb18c3c-ec7c-42d7-aea7-97aaa7a03dce
Сельцо-Тюримово,д.,Костромская,Юрьевецкий,Мордвиновская,д. Сельцо-Тюримово,"д. Сельцо-Тюримово, Мордвиновская волость, Юрьевецкий уезд, Костромская губерния",https://familio.org/settlements/8e57b49c-3560-4246-80e7-fc5aca0b5669
Лагодки Малые,д.,Костромская,Макарьевский,Чернышевская,д. Лагодки Малые,"д. Лагодки Малые, Чернышевская волость, Макарьевский уезд, Костромская губерния",https://familio.org/settlements/2ca28306-687a-4f2c-8b41-3b10146b8bdd
Хохлянки,д.,Костромская,Макарьевский,Чернышевская,д. Хохлянки,"д. Хохлянки, Чернышевская волость, Макарьевский уезд, Костромская губерния",https://familio.org/settlements/e3e5fe79-7c6d-4fe3-ae3f-a1d3699f6d4c
Починок,д.,Костромская,Макарьевский,Чернышевская,д. Починок,"д. Починок, Чернышевская волость, Макарьевский уезд, Костромская губерния",https://familio.org/settlements/7f8276ce-9bde-4e82-98ee-36624d0d3b4c
Григино,д.,Костромская,Макарьевский,Завражная,д. Григино,"д. Григино, Завражная волость, Макарьевский уезд, Костромская губерния",https://familio.org/settlements/63aae389-9023-4186-9a9f-664418370bf3
Лагодки,д.,Костромская,Макарьевский,Чернышевская,д. Лагодки,"д. Лагодки, Чернышевская волость, Макарьевский уезд, Костромская губерния",https://familio.org/settlements/2ca28306-687a-4f2c-8b41-3b10146b8bdd
Мужичковская,д.,Костромская,Макарьевский,Завражная,д. Мужичковская,"д. Мужичковская, Завражная волость, Макарьевский уезд, Костромская губерния",https://familio.org/settlements/6d041c6d-de91-4004-b163-c74ed26b73c6
Дубнево,д.,Костромская,Юрьевецкий,Махловская,д. Дубнево,"д. Дубнево, Махловская волость, Юрьевецкий уезд, Костромская губерния",https://familio.org/settlements/a8e8aa79-c472-4ef8-a8d4-04fad228ce66
Облазино,д.,Костромская,Юрьевецкий,Махловская,д. Облазино,"д. Облазино, Махловская волость, Юрьевецкий уезд, Костромская губерния",https://familio.org/settlements/9d61e5ad-52b7-4e34-a250-ba51c2d22ce0
Селянцево,д.,Костромская,Макарьевский,Валовская,д. Селянцево,"д. Селянцево, Валовская волость, Макарьевский уезд, Костромская губерния",https://familio.org/settlements/1e481062-77be-4efc-ad1b-f8bc52347295
Цаплино,д.,Костромская,Макарьевский,Завражная,д. Цаплино,"д. Цаплино, Завражная волость, Макарьевский уезд, Костромская губерния",https://familio.org/settlements/7233060e-209f-4f9d-8e49-4cb320c8c012
Баево,д.,Костромская,Макарьевский,Каргинская,д. Баево,"д. Баево, Каргинская волость, Макарьевский уезд, Костромская губерния",https://familio.org/settlements/581dfbf3-eb3d-4c43-bcff-2f36e66cf7f4
Содомово,д.,Костромская,Макарьевский,Валовская,д. Содомово,"д. Содомово, Валовская волость, Макарьевский уезд, Костромская губерния",https://familio.org/settlements/098e16a6-f240-4a4b-9fa3-fcd0528f730f
Настасьино,д.,Костромская,Макарьевский,Валовская,д. Настасьино,"д. Настасьино, Валовская волость, Макарьевский уезд, Костромская губерния",https://familio.org/settlements/40102a6b-72c2-40af-b603-023d4ab39a01
Ильинское,с.,Костромская,Кинешемский,Ильинская,с. Ильинское,"с. Ильинское, Ильинская волость, Кинешемский уезд, Костромская губерния",https://familio.org/settlements/19d39ea6-e3fc-4f39-8d4e-79f66b169bbf
Чернышево,с.,Костромская,Макарьевский,Чернышевская,с. Чернышево,"с. Чернышево, Чернышевская волость, Макарьевский уезд, Костромская губерния",https://familio.org/settlements/53a98149-a054-4ae1-ab43-e997a5927056
Нежитино,с.,Костромская,Макарьевский,Завражная,с. Нежитино,"с. Нежитино, Завражная волость, Макарьевский уезд, Костромская губерния",https://familio.org/settlements/1f33d281-66a9-49dd-8e69-d8f459c1eeb1
Варвариха,д.,Костромская,Юрьевецкий,Обжерихинская,д. Варвариха,"д. Варвариха, Обжерихинская волость, Юрьевецкий уезд, Костромская губерния",https://familio.org/settlements/20a3d365-a61b-4c8f-8afe-99c66cf9eeaa
Мыт,с.,Владимирская,Гороховецкий,Маытская,с. Мыт,"с. Мыт, Маытская волость, Гороховецкий уезд, Владимирская губерния",https://familio.org/settlements/006410ba-8e03-4104-baad-954bf0c8e30d
Сезеньково,д.,Костромская,Юрьевецкий,Обжерихинская,д. Сезеньково,"д. Сезеньково, Обжерихинская волость, Юрьевецкий уезд, Костромская губерния",https://familio.org/settlements/560a9e28-4e43-4506-8235-cbb337088dc1
Твердово,с.,Костромская,Кинешемский,Ивашевская,с. Твердово,"с. Твердово, Ивашевская волость, Кинешемский уезд, Костромская губерния",https://familio.org/settlements/95f9bca6-d08a-41bf-ab91-3969e0c189d4
Клоны,с.,Костромская,Юрьевецкий,Якушевская,с. Клоны,"с. Клоны, Якушевская волость, Юрьевецкий уезд, Костромская губерния",https://familio.org/settlements/259e29aa-dd0c-4757-bc6b-97ff4031575c?uuid=259e29aa-dd0c-4757-bc6b-97ff4031575c
Савино,д.,Костромская,Макарьевский,Завражная,д. Савино,"д. Савино, Завражная волость, Макарьевский уезд, Костромская губерния",https://familio.org/settlements/0ccfd8c1-b843-4e48-b8f5-d61b43e6ef3e
Андреевка,д.,Костромская,Макарьевский,Завражная,д. Андреевка,"д. Андреевка, Завражная волость, Макарьевский уезд, Костромская губерния",https://familio.org/settlements/b578f575-7e65-486e-a316-45535c63a507
Волково Малое,д.,Костромская,Макарьевский,Завражная,д. Волково Малое,"д. Волково Малое, Завражная волость, Макарьевский уезд, Костромская губерния",https://familio.org/settlements/99bf600c-394b-4756-9b67-ff33d2668d92
Георгиевское,с.,Костромская,Нерехтский,Красинская,с. Георгиевское,"с. Георгиевское, Красинская волость, Нерехтский уезд, Костромская губерния",https://familio.org/settlements/550c9e69-60d4-4b42-a7b7-3bf094352211
Острецово,с.,Костромская,Нерехтский,Острецовская,с. Острецово,"с. Острецово, Острецовская волость, Нерехтский уезд, Костромская губерния",https://familio.org/settlements/3ef28755-b031-4c64-b683-f5257a12b6ff
Васьково,д.,Костромская,Макарьевский,Завражная,д. Васьково,"д. Васьково, Завражная волость, Макарьевский уезд, Костромская губерния",https://familio.org/settlements/ba9bc610-6165-4a49-ae97-e5b184d67757
Неверовка,,,,,,Неверовка,
